<?xml version="1.0" encoding="UTF-8"?>
<root>
  <item name="com.github.florent37.glidepalette.BitmapPalette com.github.florent37.glidepalette.BitmapPalette intoBackground(android.view.View, int) 1">
    <annotation name="android.support.annotation.IntDef">
      <val name="value" val="{com.github.florent37.glidepalette.BitmapPalette.Swatch.RGB, com.github.florent37.glidepalette.BitmapPalette.Swatch.TITLE_TEXT_COLOR, com.github.florent37.glidepalette.BitmapPalette.Swatch.BODY_TEXT_COLOR}" />
    </annotation>
  </item>
  <item name="com.github.florent37.glidepalette.BitmapPalette com.github.florent37.glidepalette.BitmapPalette intoTextColor(android.widget.TextView, int) 1">
    <annotation name="android.support.annotation.IntDef">
      <val name="value" val="{com.github.florent37.glidepalette.BitmapPalette.Swatch.RGB, com.github.florent37.glidepalette.BitmapPalette.Swatch.TITLE_TEXT_COLOR, com.github.florent37.glidepalette.BitmapPalette.Swatch.BODY_TEXT_COLOR}" />
    </annotation>
  </item>
  <item name="com.github.florent37.glidepalette.BitmapPalette com.github.florent37.glidepalette.BitmapPalette use(int) 0">
    <annotation name="android.support.annotation.IntDef">
      <val name="value" val="{com.github.florent37.glidepalette.BitmapPalette.Profile.VIBRANT, com.github.florent37.glidepalette.BitmapPalette.Profile.VIBRANT_DARK, com.github.florent37.glidepalette.BitmapPalette.Profile.VIBRANT_LIGHT, com.github.florent37.glidepalette.BitmapPalette.Profile.MUTED, com.github.florent37.glidepalette.BitmapPalette.Profile.MUTED_DARK, com.github.florent37.glidepalette.BitmapPalette.Profile.MUTED_LIGHT}" />
    </annotation>
  </item>
  <item name="com.github.florent37.glidepalette.BitmapPalette int getColor(android.support.v7.graphics.Palette.Swatch, int) 1">
    <annotation name="android.support.annotation.IntDef">
      <val name="value" val="{com.github.florent37.glidepalette.BitmapPalette.Swatch.RGB, com.github.florent37.glidepalette.BitmapPalette.Swatch.TITLE_TEXT_COLOR, com.github.florent37.glidepalette.BitmapPalette.Swatch.BODY_TEXT_COLOR}" />
    </annotation>
  </item>
  <item name="com.github.florent37.glidepalette.BitmapPalette.Profile">
    <annotation name="android.support.annotation.IntDef">
      <val name="value" val="{com.github.florent37.glidepalette.BitmapPalette.Profile.VIBRANT, com.github.florent37.glidepalette.BitmapPalette.Profile.VIBRANT_DARK, com.github.florent37.glidepalette.BitmapPalette.Profile.VIBRANT_LIGHT, com.github.florent37.glidepalette.BitmapPalette.Profile.MUTED, com.github.florent37.glidepalette.BitmapPalette.Profile.MUTED_DARK, com.github.florent37.glidepalette.BitmapPalette.Profile.MUTED_LIGHT}" />
    </annotation>
  </item>
  <item name="com.github.florent37.glidepalette.BitmapPalette.Swatch">
    <annotation name="android.support.annotation.IntDef">
      <val name="value" val="{com.github.florent37.glidepalette.BitmapPalette.Swatch.RGB, com.github.florent37.glidepalette.BitmapPalette.Swatch.TITLE_TEXT_COLOR, com.github.florent37.glidepalette.BitmapPalette.Swatch.BODY_TEXT_COLOR}" />
    </annotation>
  </item>
  <item name="com.github.florent37.glidepalette.GlidePalette com.github.florent37.glidepalette.GlidePalette&lt;TranscodeType&gt; intoBackground(android.view.View, int) 1">
    <annotation name="android.support.annotation.IntDef">
      <val name="value" val="{com.github.florent37.glidepalette.BitmapPalette.Swatch.RGB, com.github.florent37.glidepalette.BitmapPalette.Swatch.TITLE_TEXT_COLOR, com.github.florent37.glidepalette.BitmapPalette.Swatch.BODY_TEXT_COLOR}" />
    </annotation>
  </item>
  <item name="com.github.florent37.glidepalette.GlidePalette com.github.florent37.glidepalette.GlidePalette&lt;TranscodeType&gt; intoTextColor(android.widget.TextView, int) 1">
    <annotation name="android.support.annotation.IntDef">
      <val name="value" val="{com.github.florent37.glidepalette.BitmapPalette.Swatch.RGB, com.github.florent37.glidepalette.BitmapPalette.Swatch.TITLE_TEXT_COLOR, com.github.florent37.glidepalette.BitmapPalette.Swatch.BODY_TEXT_COLOR}" />
    </annotation>
  </item>
  <item name="com.github.florent37.glidepalette.GlidePalette com.github.florent37.glidepalette.GlidePalette&lt;TranscodeType&gt; use(int) 0">
    <annotation name="android.support.annotation.IntDef">
      <val name="value" val="{com.github.florent37.glidepalette.BitmapPalette.Profile.VIBRANT, com.github.florent37.glidepalette.BitmapPalette.Profile.VIBRANT_DARK, com.github.florent37.glidepalette.BitmapPalette.Profile.VIBRANT_LIGHT, com.github.florent37.glidepalette.BitmapPalette.Profile.MUTED, com.github.florent37.glidepalette.BitmapPalette.Profile.MUTED_DARK, com.github.florent37.glidepalette.BitmapPalette.Profile.MUTED_LIGHT}" />
    </annotation>
  </item>
  <item name="com.github.florent37.glidepalette.PaletteTarget PaletteTarget(int) 0">
    <annotation name="android.support.annotation.IntDef">
      <val name="value" val="{com.github.florent37.glidepalette.BitmapPalette.Profile.VIBRANT, com.github.florent37.glidepalette.BitmapPalette.Profile.VIBRANT_DARK, com.github.florent37.glidepalette.BitmapPalette.Profile.VIBRANT_LIGHT, com.github.florent37.glidepalette.BitmapPalette.Profile.MUTED, com.github.florent37.glidepalette.BitmapPalette.Profile.MUTED_DARK, com.github.florent37.glidepalette.BitmapPalette.Profile.MUTED_LIGHT}" />
    </annotation>
  </item>
  <item name="com.github.florent37.glidepalette.PaletteTarget paletteProfile">
    <annotation name="android.support.annotation.IntDef">
      <val name="value" val="{com.github.florent37.glidepalette.BitmapPalette.Profile.VIBRANT, com.github.florent37.glidepalette.BitmapPalette.Profile.VIBRANT_DARK, com.github.florent37.glidepalette.BitmapPalette.Profile.VIBRANT_LIGHT, com.github.florent37.glidepalette.BitmapPalette.Profile.MUTED, com.github.florent37.glidepalette.BitmapPalette.Profile.MUTED_DARK, com.github.florent37.glidepalette.BitmapPalette.Profile.MUTED_LIGHT}" />
    </annotation>
  </item>
</root>

